Source File,Scan number,Peptide_x,Sequence_x,Score_x,Rank_x,Charge_x,Mass/Charge (m/z)_x,Retention Time (min)_x,New Cluster_x,New Count_x,GT_x,Label_x,Delta Score_x,Internal Fragment Ions Count_x,Sequence Length_x,Normalized Internal Fragment Ions_x,Predicted_RT (min)_x,Difference_RT (min)_x,XCorr_x,Peptide_y,Sequence_y,Score_y,Rank_y,Charge_y,Mass/Charge (m/z)_y,Retention Time (min)_y,New Cluster_y,New Count_y,GT_y,Label_y,Delta Score_y,Internal Fragment Ions Count_y,Sequence Length_y,Normalized Internal Fragment Ions_y,Predicted_RT (min)_y,Difference_RT (min)_y,XCorr_y,Delta XCorr,Length_x,Length_y
qExHF01_06119.mgf,208,HQGVmVGmGQK,HQGVMVGMGQK,0.938611281,0,2,602.2845317,0.344275755,35,5.872117789,HQGVMVGMGQK,0,0,4,11,0.310154928,0.9550781,-0.492981825,2.844,FQGVmVGmGQK,FQGVMVGMGQK,0.791647197,1,2,602.2845317,0.344275755,35,5.872117789,HQGVMVGMGQK,1,0.146964083,4,11,0.310154928,11.841797,2.442131457,1.483,1.361,11,11
qExHF01_06119.mgf,226,mGPPVGGHR,MGPPVGGHR,0.915683518,0,2,462.229225,0.368697505,52,2.397895273,MGPPVGGHR,0,0,3,9,0.287682072,2.3476562,0.68257082,2.353,mGPPVNHR,MGPPVNHR,0.895779935,1,2,462.229225,0.368697505,52,2.397895273,MGPPVGGHR,1,0.019903583,4,8,0.405465108,0.13867188,-1.469564541,2.308,0.045,9,8
qExHF01_06119.mgf,240,TLYHSVHEK,TLYHSVHEK,0.999690334,0,3,371.8608892,0.37662985,65,0.693147181,TLYHSVHEK,0,0,9,9,0.693147181,1.3144531,-0.064193754,2.558,SLYHSVHEK,SLYHSVHEK,0.535625692,1,3,371.8608892,0.37662985,65,0.693147181,TLYHSVHEK,1,0.464064641,8,9,0.635988767,1.7402344,0.31013158,2.294,0.264,9,9
qExHF01_06119.mgf,244,KPYCNAHYPK,KPYCNAHYPK,0.832389394,0,3,426.5413969,0.378540335,69,2.48490665,KPYCNAHYPK,0,0,7,10,0.530628251,0.35742188,-3.857607739,3.481,KPYCGQHYPK,KPYCGQHYPK,0.635070301,1,3,426.5413969,0.378540335,69,2.48490665,KPYCNAHYPK,1,0.197319093,8,10,0.587786665,-0.111328125,-0.713618373,3.246,0.235,10,10
qExHF01_06119.mgf,252,mADEAGSEADHEGTHSTK,MADEAGSEADHEGTHSTK,0.630758075,0,2,944.884427,0.38358826,76,1.098612289,MADEAGSEADHEGTHSTK,0,0,4,18,0.200670695,-0.0390625,-0.861209067,2.985,mADEAGSEADHESAHSTK,MADEAGSEADHESAHSTK,0.618875211,1,2,944.884427,0.38358826,76,1.098612289,MADEAGSEADHEGTHSTK,1,0.011882864,4,18,0.200670695,0.05859375,-1.123946989,2.986,-0.001,18,18
qExHF01_06119.mgf,268,MADEAGSEADHEGTHSTK,MADEAGSEADHEGTHSTK,0.998437596,0,3,624.9276868,0.39711941,91,0.693147181,MADEAGSEADHEGTHSTK,0,0,4,18,0.200670695,1.1152344,-0.331125604,3.294,MADEAGSEADHESAHSTK,MADEAGSEADHESAHSTK,0.981082962,1,3,624.9276868,0.39711941,91,0.693147181,MADEAGSEADHEGTHSTK,1,0.017354634,4,18,0.200670695,1.1640625,-0.265342679,3.296,-0.002,18,18
qExHF01_06119.mgf,282,HVAVTNmNEHSSR,HVAVTNMNEHSSR,0.355961792,0,2,749.3511353,0.41002787,104,1.945910149,HVAVTNMNEHSSR,0,0,0,13,0,-0.39648438,-0.215036199,1.632,HVAVTGGmNEHSSR,HVAVTGGMNEHSSR,0.347342501,1,2,749.3511353,0.41002787,104,1.945910149,HVAVTNMNEHSSR,1,0.008619291,1,14,0.068992871,-0.5410156,-0.050195481,1.632,0,13,14
qExHF01_06119.mgf,286,FHKPGENYK,FHKPGENYK,0.99955924,0,2,560.2815086,0.41712576,108,0.693147181,FHKPGENYK,0,0,3,9,0.287682072,0.6328125,-1.533928202,1.971,FHKPGEGGYK,FHKPGEGGYK,0.966489542,1,2,560.2815086,0.41712576,108,0.693147181,FHKPGENYK,1,0.033069698,3,10,0.262364264,1.6386719,0.200117364,1.971,0,9,10
qExHF01_06119.mgf,287,HGGLYHENmR,HGGLYHENMR,0.934961073,0,3,410.5207214,0.417679855,109,2.079441542,HGGLYHENMR,0,0,2,10,0.182321557,1.4960938,0.075491346,2.218,GHGLYHENmR,GHGLYHENMR,0.915951216,1,3,410.5207214,0.417679855,109,2.079441542,HGGLYHENMR,1,0.019009856,1,10,0.09531018,0.9980469,-0.544094582,2.087,0.131,10,10
qExHF01_06119.mgf,288,KPYCNAHYPK,KPYCNAHYPK,0.59267142,0,2,639.3085327,0.419592455,110,3.218875825,KPYCNAHYPK,0,0,6,10,0.470003629,0.35742188,-2.777873381,2.858,KPYCGQHYPK,KPYCGQHYPK,0.547334119,1,2,639.3085327,0.419592455,110,3.218875825,KPYCNAHYPK,1,0.045337302,7,10,0.530628251,-0.111328125,-0.633142836,2.857,0.001,10,10
qExHF01_06119.mgf,302,VNDAmNmGHTAK,VNDAMNMGHTAK,0.974132521,0,2,660.7879497,0.44361433,123,1.098612289,VNDAMNMGHTAK,0,0,3,12,0.223143551,-3.6210938,1.402341927,2.59,VNDAmmNGHTAK,VNDAMMNGHTAK,0.952517233,1,2,660.7879497,0.44361433,123,1.098612289,VNDAMNMGHTAK,1,0.021615288,3,12,0.223143551,-2.9101562,1.210085259,2.345,0.245,12,12
qExHF01_06119.mgf,348,HQGVmVGmGQK,HQGVMVGMGQK,0.938611281,0,2,602.2845544,0.52111455,35,5.872117789,HQGVMVGMGQK,0,0,1,11,0.087011377,0.9550781,-0.834794677,2.154,FQGVmVGmGQK,FQGVMVGMGQK,0.791647197,1,2,602.2845544,0.52111455,35,5.872117789,HQGVMVGMGQK,1,0.146964083,1,11,0.087011377,11.841797,2.426631347,1.085,1.069,11,11
qExHF01_06119.mgf,365,mGPPVGGHR,MGPPVGGHR,0.915683518,0,2,462.2293918,0.5453498,52,2.397895273,MGPPVGGHR,0,0,2,9,0.200670695,2.3476562,0.589067206,2.177,mGPPVNHR,MGPPVNHR,0.895779935,1,2,462.2293918,0.5453498,52,2.397895273,MGPPVGGHR,1,0.019903583,3,8,0.318453731,0.13867188,-0.899733746,2.143,0.034,9,8
qExHF01_06119.mgf,366,TLYHSVHEK,TLYHSVHEK,0.885382245,0,2,557.2893367,0.54638825,170,2.197224577,TLYHSVHEK,0,0,6,9,0.510825624,1.3144531,-0.263881077,1.857,SLYHSVHEK,SLYHSVHEK,0.594992882,1,2,557.2893367,0.54638825,170,2.197224577,TLYHSVHEK,1,0.290389363,6,9,0.510825624,1.7402344,0.177180133,1.048,0.809,9,9
qExHF01_06119.mgf,385,mGPPVGGHR,MGPPVGGHR,0.989454963,0,3,308.4887695,0.57597065,176,1.386294361,MGPPVGGHR,0,0,0,9,0,2.3476562,0.57193141,2.121,GPmPVGGHR,GPMPVGGHR,0.761198437,1,3,308.4887695,0.57597065,176,1.386294361,MGPPVGGHR,1,0.228256526,0,9,0,1.0800781,-0.68496579,2.015,0.106,9,9
qExHF01_06119.mgf,394,HVAVTNmNEHSSR,HVAVTNMNEHSSR,0.99969432,0,3,499.9012675,0.5930592,178,1.386294361,HVAVTNMNEHSSR,0,0,2,13,0.143100844,-0.39648438,-0.010511478,2.863,HVGLTNmNEHSSR,HVGLTNMNEHSSR,0.980119644,1,3,499.9012675,0.5930592,178,1.386294361,HVAVTNMNEHSSR,1,0.019574676,2,13,0.143100844,1.9277344,0.288687948,2.686,0.177,13,13
qExHF01_06119.mgf,395,HGGLYHENmR,HGGLYHENMR,0.934961073,0,3,410.5206887,0.5942894,109,2.079441542,HGGLYHENMR,0,0,1,10,0.09531018,1.4960938,-0.103357689,2.457,GHGLYHENmR,GHGLYHENMR,0.915951216,1,3,410.5206887,0.5942894,109,2.079441542,HGGLYHENMR,1,0.019009856,1,10,0.09531018,0.9980469,-0.906940891,2.29,0.167,10,10
qExHF01_06119.mgf,396,HVAVTNmNEHSSR,HVAVTNMNEHSSR,0.355961792,0,2,749.3496155,0.5960092,104,1.945910149,HVAVTNMNEHSSR,0,0,0,13,0,-0.39648438,-0.00753474,1.981,HVAVTGGmNEHSSR,HVAVTGGMNEHSSR,0.347342501,1,2,749.3496155,0.5960092,104,1.945910149,HVAVTNMNEHSSR,1,0.008619291,0,14,0,-0.5410156,0.128415048,1.981,0,13,14
qExHF01_06119.mgf,412,VNDAmNmGHTAK,VNDAMNMGHTAK,0.974132521,0,2,660.7877665,0.6241092,123,1.098612289,VNDAMNMGHTAK,0,0,2,12,0.15415068,-3.6210938,1.445789628,2.49,VNDAmmNGHTAK,VNDAMMNGHTAK,0.952517233,1,2,660.7877665,0.6241092,123,1.098612289,VNDAMNMGHTAK,1,0.021615288,2,12,0.15415068,-2.9101562,1.262505484,2.245,0.245,12,12
